feature	metadata	value	coef	stderr	N	N.not.0	pval	qval
Coprobacter.fastidiosus	antibiotics	antibiotics	0.715339136905681	0.207866656074676	111	15	0.000826757066960297	0.0993685983576397
Ruminococcus.gnavus	age	age	-1.29980953661794	0.388795032997038	111	69	0.00114216779721425	0.0993685983576397
Acidaminococcus.unclassified	antibiotics	antibiotics	1.48983482110782	0.429329882033064	111	19	0.000751055902531106	0.0993685983576397
Ruminococcus.bromii	age	age	1.06452767544263	0.335980010825182	111	31	0.00199827930117864	0.120545750879129
Veillonella.parvula	age	age	-1.45755383910431	0.466843648799813	111	66	0.00230930557239711	0.120545750879129
Klebsiella.pneumoniae	antibiotics	antibiotics	0.457067312778849	0.156830333823294	111	13	0.00434039276954616	0.161834644693078
Haemophilus.parainfluenzae	age	age	-1.20533370638041	0.413333942524694	111	70	0.00431832124256523	0.161834644693078
Bifidobacterium.longum	age	age	-1.03558150484745	0.389934560669903	111	75	0.00912201576199609	0.229548544762361
Bifidobacterium.pseudocatenulatum	age	age	-0.654278950666493	0.251362474959608	111	18	0.0105539560810281	0.229548544762361
Bacteroides.ovatus	age	age	-0.997633143859925	0.370241585569101	111	98	0.00818620223670843	0.229548544762361
Clostridium.clostridioforme	age	age	1.10805858611598	0.417180101949461	111	34	0.00911479909901854	0.229548544762361
Eubacterium.siraeum	age	age	1.26078079490042	0.483404852930164	111	46	0.0104046941076682	0.229548544762361
Alistipes.putredinis	diagnosis	diagnosis	-1.16421538039446	0.4655224325415	111	75	0.0139045099352573	0.241299323399437
Streptococcus.salivarius	antibiotics	antibiotics	0.843674998058523	0.332555042062384	111	43	0.0126245712815121	0.241299323399437
Eubacterium.hallii	antibiotics	antibiotics	1.06643710944282	0.430436828797712	111	66	0.0147922956873218	0.241299323399437
Veillonella.atypica	age	age	-0.872314838651542	0.348431825190927	111	41	0.0138060729536168	0.241299323399437
Alistipes.shahii	diagnosis	diagnosis	-1.11223170922093	0.457858003548959	111	60	0.0167974803540078	0.25325368222874
Eubacterium.rectale	antibiotics	antibiotics	-0.934831140827209	0.389622888263041	111	95	0.018154242908656	0.25325368222874
Veillonella.dispar	age	age	-0.911252065906948	0.380740935696473	111	39	0.018436091809755	0.25325368222874
Clostridium.leptum	diagnosis	diagnosis	-0.992655238725097	0.421271318240926	111	60	0.020276691058585	0.264610818314535
Eubacterium.eligens	age	age	0.887117339080877	0.382847598108971	111	70	0.0223990714255045	0.278388459145556
Veillonella.unclassified	age	age	-1.0224367791703	0.446116067855596	111	73	0.0238711644577185	0.283198814702934
Bacteroides.thetaiotaomicron	age	age	1.20682513124353	0.553394408161056	111	86	0.0313904558112833	0.356213433336737
Subdoligranulum.unclassified	age	age	0.44474866435256	0.210740272418828	111	111	0.0371534829865276	0.387882362379349
Dialister.invisus	age	age	-0.901035377164781	0.425195000573713	111	60	0.0363946358704438	0.387882362379349
Roseburia.unclassified	diagnosis	diagnosis	0.636564173419841	0.304505145083196	111	38	0.0389430388883774	0.390928198071788
Bacteroides.eggerthii	diagnosis	diagnosis	-0.995348704781334	0.481267720308287	111	36	0.041034222845856	0.396664154176608
Bacteroides.finegoldii	antibiotics	antibiotics	1.13146027839854	0.553242109954523	111	40	0.0432943376433207	0.403565075889525
Bifidobacterium.pseudocatenulatum	antibiotics	antibiotics	0.510995009468569	0.256909598639829	111	18	0.0492529308760889	0.42966975987521
Barnesiella.intestinihominis	diagnosis	diagnosis	-0.823163041266708	0.4174305960847	111	41	0.0511932906568382	0.42966975987521
Alistipes.unclassified	age	age	0.392615963415544	0.198601397524173	111	15	0.0506252248026018	0.42966975987521
Veillonella.dispar	diagnosis	diagnosis	-0.761382287693943	0.388600120576313	111	39	0.0526798173027077	0.42966975987521
Bacteroides.cellulosilyticus	age	age	1.00443615187578	0.522215629047245	111	43	0.057085760918361	0.44643381802622
Bacteroides.salyersiae	antibiotics	antibiotics	0.520703914464366	0.27190095336926	111	17	0.0581561295513083	0.44643381802622
Bifidobacterium.longum	diagnosis	diagnosis	-0.752918441187589	0.397983518677893	111	75	0.0612167067167829	0.456501727230867
Sutterella.wadsworthensis	diagnosis	diagnosis	-1.07780856750032	0.576481684757305	111	39	0.0642688306185445	0.465949021984448
Eubacterium.hallii	diagnosis	diagnosis	-0.791008543246322	0.429836107256624	111	66	0.0685021078908408	0.483217571878634
Eubacterium.ventriosum	diagnosis	diagnosis	-0.755637744790258	0.42193731130085	111	50	0.0761405797540555	0.518171403727726
Escherichia.unclassified	diagnosis	diagnosis	0.579085475856268	0.324788231457522	111	54	0.0774279109018441	0.518171403727726
Parabacteroides.goldsteinii	diagnosis	diagnosis	-0.384420361874321	0.218436232994614	111	12	0.0812869322190935	0.530397232729585
Clostridium.symbiosum	diagnosis	diagnosis	0.804154865675552	0.470636808062431	111	51	0.0904145508453196	0.571177298291529
Dialister.invisus	antibiotics	antibiotics	-0.739065237635697	0.434578299559661	111	60	0.0919135882308207	0.571177298291529
Bacteroides.finegoldii	diagnosis	diagnosis	-0.925178256930801	0.552470000249565	111	40	0.096928963416302	0.588336266317554
Parabacteroides.distasonis	age	age	0.866674750667096	0.527400076588062	111	77	0.103257011088953	0.598890664315927
Akkermansia.muciniphila	age	age	0.67383555492057	0.408891533003456	111	42	0.102295040042852	0.598890664315927
Bifidobacterium.pseudocatenulatum	diagnosis	diagnosis	-0.396450859814684	0.25655105327454	111	18	0.125223916403315	0.608999087068935
Bacteroides.vulgatus	antibiotics	antibiotics	-0.731249112616536	0.466272839621141	111	103	0.119767084460933	0.608999087068935
Alistipes.shahii	antibiotics	antibiotics	0.698369842394625	0.458497887357805	111	60	0.130666470788737	0.608999087068935
Clostridium.bolteae	diagnosis	diagnosis	0.667984663363544	0.438240969583742	111	76	0.130398884639179	0.608999087068935
Clostridium.clostridioforme	diagnosis	diagnosis	0.659501826679527	0.425791457446116	111	34	0.124362219219143	0.608999087068935
Clostridium.hathewayi	antibiotics	antibiotics	0.528934000488612	0.34692078146271	111	49	0.130295856289836	0.608999087068935
Dorea.longicatena	age	age	0.68330429147104	0.42700230016868	111	80	0.112494888905974	0.608999087068935
Roseburia.inulinivorans	antibiotics	antibiotics	-0.588166553611526	0.381057380271075	111	80	0.125659111829414	0.608999087068935
Subdoligranulum.unclassified	diagnosis	diagnosis	-0.327945076131672	0.215090334645621	111	111	0.130287932287249	0.608999087068935
Haemophilus.parainfluenzae	diagnosis	diagnosis	-0.651187070599356	0.421865906300726	111	70	0.125640684234469	0.608999087068935
C2likevirus.unclassified	diagnosis	diagnosis	-0.486181980245289	0.307963086566362	111	29	0.1173562541251	0.608999087068935
Bacteroides.finegoldii	age	age	0.761084912175921	0.541296653555572	111	40	0.162609516246543	0.615088170149969
Bacteroides.stercoris	diagnosis	diagnosis	-0.962571477482681	0.673248644498835	111	82	0.155704620964959	0.615088170149969
Paraprevotella.clara	diagnosis	diagnosis	-0.25545937623791	0.179005175796936	111	17	0.156461045340656	0.615088170149969
Clostridium.symbiosum	age	age	-0.670510667796348	0.461118484495432	111	51	0.148846637809302	0.615088170149969
Eubacterium.hallii	age	age	0.60066011989401	0.421142951346249	111	66	0.156703968336404	0.615088170149969
Eubacterium.siraeum	antibiotics	antibiotics	0.735885641067885	0.494072740041211	111	46	0.13931648092659	0.615088170149969
Lachnospiraceae.bacterium.3.1.46FAA	antibiotics	antibiotics	-0.558194269059494	0.374359237104369	111	77	0.138886455505105	0.615088170149969
Peptostreptococcaceae.noname.unclassified	diagnosis	diagnosis	-0.272102980310672	0.180923727192408	111	30	0.135536335795926	0.615088170149969
Faecalibacterium.prausnitzii	age	age	-0.425254724658093	0.291842930645265	111	107	0.148007473965171	0.615088170149969
Faecalibacterium.prausnitzii	antibiotics	antibiotics	-0.419965719565332	0.298283386133888	111	107	0.162046976668622	0.615088170149969
Ruminococcus.bromii	diagnosis	diagnosis	-0.486175964189325	0.342915248866176	111	31	0.159162687655125	0.615088170149969
Veillonella.parvula	diagnosis	diagnosis	-0.698941300333489	0.476480150163096	111	66	0.145340540650149	0.615088170149969
Burkholderiales.bacterium.1.1.47	antibiotics	antibiotics	-0.639807538986303	0.435924739186612	111	54	0.145118626522519	0.615088170149969
Streptococcus.salivarius	age	age	-0.446534458544147	0.32537460209997	111	43	0.17281818941944	0.644364963406768
Parabacteroides.distasonis	diagnosis	diagnosis	0.721413237834638	0.538286572677496	111	77	0.183018321353702	0.654353176346797
Parabacteroides.unclassified	diagnosis	diagnosis	0.593189639896809	0.4406528587176	111	55	0.181095694227512	0.654353176346797
Roseburia.unclassified	age	age	-0.400840097897199	0.298346726427736	111	38	0.181940284979403	0.654353176346797
Bacteroides.stercoris	age	age	-0.826427283509229	0.659632628221304	111	82	0.212987799400706	0.694872695544802
Bacteroidales.bacterium.ph8	age	age	0.353652224559275	0.280579875693924	111	33	0.210254854643475	0.694872695544802
Alistipes.onderdonkii	diagnosis	diagnosis	-0.69022068062372	0.549098572254695	111	68	0.211488121111918	0.694872695544802
Clostridium.nexile	age	age	-0.430894265155928	0.336898616584278	111	18	0.203662950333823	0.694872695544802
Lachnospiraceae.bacterium.3.1.46FAA	age	age	-0.460029511789733	0.366276172088327	111	77	0.211864701544918	0.694872695544802
Roseburia.intestinalis	antibiotics	antibiotics	-0.684113773444448	0.543808023170482	111	63	0.211127952303273	0.694872695544802
Ruminococcus.lactaris	diagnosis	diagnosis	-0.534095320609838	0.423966875696368	111	37	0.210497792296974	0.694872695544802
Bacteroides.intestinalis	age	age	0.362866283185932	0.291363377539936	111	17	0.215702202340862	0.695040429765001
Bifidobacterium.adolescentis	antibiotics	antibiotics	-0.505173650278724	0.427914128434704	111	42	0.240399576377699	0.699896487920798
Collinsella.aerofaciens	age	age	0.354033157181899	0.345883452994042	111	60	0.308350752280955	0.699896487920798
Bacteroides.eggerthii	age	age	0.509961667240142	0.471534393450353	111	36	0.281908800047156	0.699896487920798
Bacteroides.faecis	antibiotics	antibiotics	-0.559703803640196	0.504985575963237	111	51	0.270193214366345	0.699896487920798
Bacteroides.fragilis	diagnosis	diagnosis	0.620078570479983	0.540022441969768	111	70	0.253427658314215	0.699896487920798
Bacteroides.fragilis	antibiotics	antibiotics	-0.566351524484785	0.540777155471229	111	70	0.297324952034384	0.699896487920798
Bacteroides.xylanisolvens	age	age	-0.36450082975833	0.337363849473401	111	77	0.282376304179908	0.699896487920798
Barnesiella.intestinihominis	age	age	0.437843570745008	0.408988333575192	111	41	0.28677951771724	0.699896487920798
Parabacteroides.unclassified	age	age	-0.51569408883569	0.431740941038945	111	55	0.234942056777301	0.699896487920798
Parabacteroides.unclassified	antibiotics	antibiotics	-0.484298244784767	0.441268697312601	111	55	0.274880802203753	0.699896487920798
Paraprevotella.clara	antibiotics	antibiotics	0.18543365057406	0.179255346183397	111	17	0.303250488391658	0.699896487920798
Paraprevotella.unclassified	diagnosis	diagnosis	-0.506303575985203	0.492839349467067	111	29	0.306586732888867	0.699896487920798
Paraprevotella.unclassified	antibiotics	antibiotics	0.556871647546522	0.493528121788708	111	29	0.261696443303238	0.699896487920798
Alistipes.finegoldii	diagnosis	diagnosis	-0.470645913942371	0.396754295818232	111	62	0.238154791631372	0.699896487920798
Alistipes.putredinis	antibiotics	antibiotics	0.50194724386316	0.466173027846004	111	75	0.28401803086222	0.699896487920798
Streptococcus.salivarius	diagnosis	diagnosis	-0.372696050596489	0.332090925230369	111	43	0.26425924033011	0.699896487920798
Clostridium.nexile	diagnosis	diagnosis	-0.351930727420328	0.343852816317634	111	18	0.308383510003417	0.699896487920798
Flavonifractor.plautii	age	age	0.309811588159697	0.297940148969235	111	73	0.30075588792747	0.699896487920798
Eubacterium.sp.3.1.31	age	age	0.260004276603604	0.245053652470601	111	16	0.291074562609407	0.699896487920798
Ruminococcus.gnavus	antibiotics	antibiotics	0.463677990831336	0.397375049304709	111	69	0.245863967469321	0.699896487920798
Ruminococcus.torques	diagnosis	diagnosis	-0.252218981066626	0.232936235567002	111	104	0.281339585907359	0.699896487920798
Dorea.longicatena	antibiotics	antibiotics	-0.506912742551596	0.436425483048921	111	80	0.248018891398784	0.699896487920798
Roseburia.intestinalis	diagnosis	diagnosis	-0.637768392645855	0.543049079762579	111	63	0.242833481422281	0.699896487920798
Roseburia.inulinivorans	diagnosis	diagnosis	-0.446478502064094	0.380525573136081	111	80	0.243272501712792	0.699896487920798
Faecalibacterium.prausnitzii	diagnosis	diagnosis	0.317802174272434	0.297867099135632	111	107	0.288406610831605	0.699896487920798
Ruminococcus.callidus	age	age	0.352579069987404	0.298302712596728	111	21	0.239845386193938	0.699896487920798
Coprobacillus.unclassified	diagnosis	diagnosis	0.333056160148536	0.293154502031919	111	31	0.258448168622964	0.699896487920798
Veillonella.atypica	diagnosis	diagnosis	-0.399938879760528	0.355624091310635	111	41	0.263270294225236	0.699896487920798
Veillonella.unclassified	diagnosis	diagnosis	-0.480701131444854	0.455324714277422	111	73	0.293468319755202	0.699896487920798
Sutterella.wadsworthensis	age	age	-0.679008545396153	0.564822717349807	111	39	0.23195441374721	0.699896487920798
Bilophila.unclassified	antibiotics	antibiotics	-0.335942685505581	0.313551854249946	111	70	0.286395683624571	0.699896487920798
Escherichia.unclassified	age	age	0.336720406506322	0.318219600562515	111	54	0.292375295134734	0.699896487920798
Klebsiella.pneumoniae	age	age	-0.187144023272667	0.153444094994017	111	13	0.225289184479228	0.699896487920798
Akkermansia.muciniphila	antibiotics	antibiotics	0.502493047478695	0.417915043397081	111	42	0.231870097946809	0.699896487920798
Roseburia.hominis	diagnosis	diagnosis	-0.445313321172789	0.441320444549631	111	83	0.315228226163638	0.709263508868186
Bacteroides.uniformis	diagnosis	diagnosis	0.461754791465807	0.467814966049156	111	102	0.325846942683424	0.726889333678408
Clostridium.hathewayi	age	age	-0.331871906445826	0.339430160278445	111	49	0.330412047106706	0.728494465445804
Escherichia.coli	age	age	-0.424322600293885	0.435554890237357	111	77	0.332148817578738	0.728494465445804
Oscillibacter.unclassified	age	age	0.43738349791492	0.455035119138274	111	90	0.338614608694564	0.736486773910677
Oscillibacter.unclassified	diagnosis	diagnosis	0.431525213593556	0.464427870988258	111	90	0.354900467656231	0.765529107919639
Parabacteroides.goldsteinii	antibiotics	antibiotics	-0.197767390736923	0.218741510630202	111	12	0.367965733685371	0.776336874401652
Eubacterium.siraeum	diagnosis	diagnosis	-0.445263515375671	0.493383207645399	111	46	0.368834377110363	0.776336874401652
Ruminococcus.callidus	antibiotics	antibiotics	-0.276576073434366	0.304885724007581	111	21	0.366367676635451	0.776336874401652
Collinsella.aerofaciens	antibiotics	antibiotics	0.304007000458845	0.35351648689462	111	60	0.391738504135552	0.782248915705994
Bacteroides.intestinalis	diagnosis	diagnosis	0.24723479142021	0.297377647182658	111	17	0.407608630406188	0.782248915705994
Clostridium.citroniae	antibiotics	antibiotics	-0.274319038687745	0.328626735285969	111	37	0.405722007729837	0.782248915705994
Flavonifractor.plautii	antibiotics	antibiotics	-0.263436029502567	0.304515159244342	111	73	0.388919395532763	0.782248915705994
Eubacterium.rectale	diagnosis	diagnosis	-0.328316019108691	0.389079127027428	111	95	0.400647873314285	0.782248915705994
Eubacterium.sp.3.1.31	antibiotics	antibiotics	0.218327405628231	0.250461551635991	111	16	0.385323642803581	0.782248915705994
Ruminococcus.obeum	antibiotics	antibiotics	0.297398242756569	0.336785387568104	111	93	0.379189075752534	0.782248915705994
Roseburia.hominis	antibiotics	antibiotics	-0.368484944096053	0.441937216135563	111	83	0.406254139991613	0.782248915705994
Ruminococcus.bromii	antibiotics	antibiotics	0.294646367578324	0.343394493334668	111	31	0.392788059547484	0.782248915705994
Burkholderiales.bacterium.1.1.47	diagnosis	diagnosis	0.379420944034201	0.435316358668026	111	54	0.385379111724787	0.782248915705994
Escherichia.coli	antibiotics	antibiotics	-0.371599162829995	0.44516681360046	111	77	0.405723205924932	0.782248915705994
C2likevirus.unclassified	antibiotics	antibiotics	0.269341913953328	0.308393483307904	111	29	0.384416769905773	0.782248915705994
Bifidobacterium.bifidum	antibiotics	antibiotics	-0.261666908719887	0.338911338537749	111	22	0.441768563003719	0.786669533237397
Bacteroides.caccae	diagnosis	diagnosis	-0.454084945731293	0.626753826853433	111	78	0.470338327787905	0.786669533237397
Bacteroides.cellulosilyticus	antibiotics	antibiotics	0.398665803642463	0.533740001102122	111	43	0.456744671638262	0.786669533237397
Bacteroides.faecis	diagnosis	diagnosis	0.362989663949522	0.504280813514664	111	51	0.473207343748166	0.786669533237397
Bacteroides.fragilis	age	age	-0.411099984633672	0.529100839052073	111	70	0.43888579120365	0.786669533237397
Bacteroides.thetaiotaomicron	antibiotics	antibiotics	-0.433263667525238	0.5656068405319	111	86	0.445353584986664	0.786669533237397
Bacteroides.uniformis	antibiotics	antibiotics	-0.340459354320795	0.468468765305673	111	102	0.468966497003563	0.786669533237397
Bacteroides.vulgatus	age	age	-0.346354661411631	0.456205200561332	111	103	0.449397419285023	0.786669533237397
Coprobacter.fastidiosus	age	age	0.160184951583328	0.203378454558093	111	15	0.432660248831884	0.786669533237397
Prevotella.copri	age	age	-0.414601614062309	0.556293253138882	111	38	0.457728462435641	0.786669533237397
Alistipes.onderdonkii	age	age	0.428417544175458	0.537993410500742	111	68	0.427606492757027	0.786669533237397
Alistipes.putredinis	age	age	0.328960467596032	0.456107543895479	111	75	0.472338259299643	0.786669533237397
Clostridium.citroniae	diagnosis	diagnosis	0.248844440410043	0.32816810083451	111	37	0.449948275460334	0.786669533237397
Eubacterium.eligens	diagnosis	diagnosis	-0.284538868632088	0.3907502683297	111	70	0.46809034867005	0.786669533237397
Ruminococcus.torques	antibiotics	antibiotics	-0.18501506109064	0.233261777819136	111	104	0.429437028333139	0.786669533237397
Coprococcus.comes	antibiotics	antibiotics	0.322032168234964	0.43025389135127	111	67	0.455818730464642	0.786669533237397
Lachnospiraceae.bacterium.1.1.57FAA	age	age	-0.140591517323122	0.178471982619152	111	24	0.43258386037045	0.786669533237397
Lachnospiraceae.bacterium.1.1.57FAA	antibiotics	antibiotics	-0.132906282349405	0.18241054250643	111	24	0.467831481994544	0.786669533237397
Parasutterella.excrementihominis	antibiotics	antibiotics	-0.351834772552246	0.482744040620474	111	55	0.467702397155884	0.786669533237397
Escherichia.unclassified	antibiotics	antibiotics	-0.263670517511067	0.325242142340378	111	54	0.419343274270231	0.786669533237397
Klebsiella.pneumoniae	diagnosis	diagnosis	-0.12491420812332	0.156611459987413	111	13	0.426865792235442	0.786669533237397
Escherichia.coli	diagnosis	diagnosis	0.315036535976856	0.444545534759024	111	77	0.480069779228173	0.793026660623755
Odoribacter.splanchnicus	age	age	0.111437912844827	0.16289803009226	111	51	0.495393409561973	0.79467677583266
Roseburia.hominis	age	age	0.296882265230252	0.432395025381401	111	83	0.493820332720554	0.79467677583266
Parasutterella.excrementihominis	age	age	0.327913905004968	0.472320759772313	111	55	0.48902315691713	0.79467677583266
Sutterella.wadsworthensis	antibiotics	antibiotics	0.394095237872643	0.577287352220391	111	39	0.496292392569822	0.79467677583266
Akkermansia.muciniphila	diagnosis	diagnosis	-0.288999960851356	0.417331797373235	111	42	0.490127032846538	0.79467677583266
C2likevirus.unclassified	age	age	-0.204099986285184	0.301734733291789	111	29	0.500232382787903	0.796101536022211
Alistipes.unclassified	diagnosis	diagnosis	0.134883241436589	0.202700891311679	111	15	0.507207418841652	0.802309917076795
Bifidobacterium.adolescentis	age	age	0.276118504028716	0.418674720458092	111	42	0.51098784778156	0.803420652234862
Bacteroides.intestinalis	antibiotics	antibiotics	0.189620393690594	0.297793250142681	111	17	0.525646441902526	0.806094949057558
Bacteroides.salyersiae	diagnosis	diagnosis	-0.174058012945338	0.271521485933382	111	17	0.522862867802454	0.806094949057558
Bacteroides.salyersiae	age	age	0.167533690926092	0.266030140347502	111	17	0.530197641147538	0.806094949057558
Ruminococcus.gnavus	diagnosis	diagnosis	-0.251371840235534	0.396820469082857	111	69	0.527781807805181	0.806094949057558
Lachnospiraceae.bacterium.1.1.57FAA	diagnosis	diagnosis	0.117342468014661	0.182155968699372	111	24	0.520832850074594	0.806094949057558
Dialister.invisus	diagnosis	diagnosis	0.272615661337517	0.433971798144427	111	60	0.531219659915325	0.806094949057558
Bacteroidales.bacterium.ph8	antibiotics	antibiotics	-0.17710117000447	0.286771775550516	111	33	0.538172027872711	0.81192427326461
Bacteroides.dorei	antibiotics	antibiotics	0.321110819948083	0.54877917036743	111	84	0.559687777501648	0.817711743415294
Bacteroides.xylanisolvens	antibiotics	antibiotics	0.199576096926961	0.344808870845685	111	77	0.563939133389858	0.817711743415294
Odoribacter.splanchnicus	antibiotics	antibiotics	0.0982587329327147	0.166492900489408	111	51	0.556322550990031	0.817711743415294
Roseburia.intestinalis	age	age	0.308875321074743	0.532066265062595	111	63	0.5627843620406	0.817711743415294
Ruminococcus.lactaris	age	age	0.248237387838488	0.415392421179771	111	37	0.551371311013599	0.817711743415294
Coprobacillus.unclassified	age	age	0.168895823282783	0.287225642755166	111	31	0.557754652428786	0.817711743415294
Veillonella.unclassified	antibiotics	antibiotics	0.266863721228039	0.455961057663746	111	73	0.559593484700722	0.817711743415294
Bacteroides.ovatus	diagnosis	diagnosis	0.202597548999949	0.377884044780559	111	98	0.592976824135622	0.846525433876002
Ruminococcus.torques	age	age	-0.122173091638482	0.228225251592473	111	104	0.593540821453288	0.846525433876002
Subdoligranulum.unclassified	antibiotics	antibiotics	0.116796866023005	0.21539093618914	111	111	0.588770238026898	0.846525433876002
Veillonella.parvula	antibiotics	antibiotics	-0.247130771644189	0.477146059530111	111	66	0.605572697281812	0.858991706470396
Bifidobacterium.bifidum	age	age	-0.167152666611931	0.331593655113497	111	22	0.615235328142948	0.864801930725099
Bacteroides.massiliensis	diagnosis	diagnosis	-0.308798578858504	0.667104738330902	111	53	0.644380616984872	0.864801930725099
Bacteroides.stercoris	antibiotics	antibiotics	0.319833685640793	0.674189549547133	111	82	0.636183364109662	0.864801930725099
Bacteroides.xylanisolvens	diagnosis	diagnosis	0.169358810113517	0.344327652459113	111	77	0.623830358046198	0.864801930725099
Alistipes.onderdonkii	antibiotics	antibiotics	-0.257250905599929	0.549865970188384	111	68	0.640848426429128	0.864801930725099
Clostridium.clostridioforme	antibiotics	antibiotics	0.204910995692222	0.42638652634838	111	34	0.631799231889968	0.864801930725099
Eubacterium.eligens	antibiotics	antibiotics	-0.182013335930577	0.391296365084739	111	70	0.642765970750992	0.864801930725099
Eubacterium.sp.3.1.31	diagnosis	diagnosis	-0.115708001777212	0.250112005223566	111	16	0.644572801052325	0.864801930725099
Roseburia.inulinivorans	age	age	0.179031400758131	0.372829690730413	111	80	0.632068132258171	0.864801930725099
Oscillibacter.unclassified	antibiotics	antibiotics	-0.214152006213072	0.465076936577849	111	90	0.6461163850245	0.864801930725099
Veillonella.dispar	antibiotics	antibiotics	-0.193625239413423	0.389143212371903	111	39	0.619809504067568	0.864801930725099
Bacteroides.massiliensis	antibiotics	antibiotics	0.300598662079099	0.668037056904683	111	53	0.653640185751313	0.865990296858339
Prevotella.copri	antibiotics	antibiotics	0.257371435490977	0.568569657873239	111	38	0.651706655005128	0.865990296858339
Coprobacillus.unclassified	antibiotics	antibiotics	0.126981183362064	0.293564202895258	111	31	0.666212300759926	0.878188941910812
Collinsella.aerofaciens	diagnosis	diagnosis	-0.140339587052567	0.353023116080137	111	60	0.691763794440485	0.885050737004738
Coprobacter.fastidiosus	diagnosis	diagnosis	-0.0829370911252053	0.207576555484709	111	15	0.690284838880655	0.885050737004738
Clostridium.leptum	antibiotics	antibiotics	-0.174684626981738	0.42186006997964	111	60	0.679642988824674	0.885050737004738
Ruminococcus.obeum	diagnosis	diagnosis	-0.137956195521185	0.336315366827544	111	93	0.682480216171003	0.885050737004738
Coprococcus.comes	age	age	-0.168325041902262	0.420963963836465	111	67	0.690059549671961	0.885050737004738
Peptostreptococcaceae.noname.unclassified	age	age	0.0739230688580353	0.177264662395809	111	30	0.677498595679194	0.885050737004738
Parasutterella.excrementihominis	diagnosis	diagnosis	0.186159486372691	0.482070318660292	111	55	0.700140033954897	0.891397799327942
Bifidobacterium.adolescentis	diagnosis	diagnosis	-0.127318636353305	0.427316927597117	111	42	0.766319878450648	0.896903534868247
Bifidobacterium.bifidum	diagnosis	diagnosis	-0.106736291556508	0.33843835080074	111	22	0.753088304963677	0.896903534868247
Bacteroides.dorei	diagnosis	diagnosis	0.165977660974137	0.548013289181425	111	84	0.762575748442056	0.896903534868247
Bacteroides.dorei	age	age	0.187714139336782	0.536930076572282	111	84	0.727321326721524	0.896903534868247
Bacteroides.eggerthii	antibiotics	antibiotics	0.154511580092126	0.481940320589506	111	36	0.749136445822719	0.896903534868247
Bacteroides.ovatus	antibiotics	antibiotics	-0.129847127740961	0.378412160222469	111	98	0.732168815654634	0.896903534868247
Bacteroides.vulgatus	diagnosis	diagnosis	0.166645696520039	0.465622105018419	111	103	0.721123929874496	0.896903534868247
Parabacteroides.distasonis	antibiotics	antibiotics	0.184892894279022	0.539038860198313	111	77	0.732267845297841	0.896903534868247
Parabacteroides.merdae	antibiotics	antibiotics	0.164357482652228	0.449240471941126	111	71	0.715194579118876	0.896903534868247
Paraprevotella.clara	age	age	-0.0569591957172172	0.175384912455406	111	17	0.745991675701137	0.896903534868247
Prevotella.copri	diagnosis	diagnosis	-0.173251712377598	0.567776156903429	111	38	0.760851638976635	0.896903534868247
Alistipes.finegoldii	age	age	-0.126211025022386	0.388730198043682	111	62	0.74606086764465	0.896903534868247
Clostridium.hathewayi	diagnosis	diagnosis	0.11971782451144	0.346436615674533	111	49	0.730344962660492	0.896903534868247
Eubacterium.rectale	age	age	0.113804381800311	0.38121025455343	111	95	0.7658742933189	0.896903534868247
Eubacterium.ventriosum	antibiotics	antibiotics	0.140415260749315	0.422526993804502	111	50	0.740295836129979	0.896903534868247
Lachnospiraceae.bacterium.3.1.46FAA	diagnosis	diagnosis	0.11374800527916	0.373836777958711	111	77	0.761511754014549	0.896903534868247
Ruminococcus.callidus	diagnosis	diagnosis	-0.111584657049415	0.304460222726725	111	21	0.714715764254003	0.896903534868247
Ruminococcus.lactaris	antibiotics	antibiotics	0.156092547438121	0.424559394637049	111	37	0.713854692226587	0.896903534868247
Clostridium.symbiosum	antibiotics	antibiotics	0.128070441939895	0.471294551011101	111	51	0.786344158760689	0.9121592241624
Veillonella.atypica	antibiotics	antibiotics	0.0972989150884541	0.356121097142796	111	41	0.785211815004321	0.9121592241624
Alistipes.shahii	age	age	0.116950758800867	0.448598122998049	111	60	0.794822827519501	0.917914858330043
Ruminococcus.obeum	age	age	0.0830271816499623	0.32951360711139	111	93	0.801548440276946	0.921604153798603
Bacteroides.thetaiotaomicron	diagnosis	diagnosis	-0.134372234112479	0.564817474496835	111	86	0.812410663269328	0.921909491796933
Odoribacter.splanchnicus	diagnosis	diagnosis	-0.0403916799082931	0.166260541487876	111	51	0.808515380795959	0.921909491796933
Clostridium.citroniae	age	age	0.076972011913964	0.321531114277997	111	37	0.811259508117638	0.921909491796933
Coprococcus.comes	diagnosis	diagnosis	0.0994793069053172	0.429653425119342	111	67	0.817342296365754	0.923490646543125
Roseburia.unclassified	antibiotics	antibiotics	0.0634122138307334	0.304930709145719	111	38	0.835658519311123	0.940115834225013
Clostridium.bolteae	age	age	-0.0801663444631892	0.429377830795285	111	76	0.852246646935136	0.950582798504574
Bilophila.unclassified	age	age	0.0574110436206581	0.306781726061293	111	70	0.851905482293691	0.950582798504574
Bacteroides.uniformis	age	age	-0.0832449555447641	0.458353712402905	111	102	0.85622669008948	0.950958153673848
Bacteroides.caccae	age	age	-0.10295490787435	0.614078138044889	111	78	0.867169070896174	0.954830906116938
Paraprevotella.unclassified	age	age	-0.0809724823495778	0.482871993930024	111	29	0.867144219373541	0.954830906116938
Clostridium.bolteae	antibiotics	antibiotics	0.0716097546168703	0.438853437420137	111	76	0.870688718987859	0.954830906116938
Clostridium.nexile	antibiotics	antibiotics	0.053640671216126	0.344333371092439	111	18	0.876498994271625	0.957180910062319
Flavonifractor.plautii	diagnosis	diagnosis	0.0454537216149781	0.304090175127029	111	73	0.881460618823836	0.958588422970921
Bacteroidales.bacterium.ph8	diagnosis	diagnosis	-0.0412316794642579	0.286371554260367	111	33	0.885787353314936	0.959296677241487
Bifidobacterium.longum	antibiotics	antibiotics	-0.0454759524966367	0.398539724330772	111	75	0.909367245740819	0.96088254790435
Bacteroides.faecis	age	age	0.056701834751498	0.49408206180329	111	51	0.908848866343165	0.96088254790435
Bacteroides.massiliensis	age	age	0.0720001544823751	0.653612978562572	111	53	0.912491076014542	0.96088254790435
Parabacteroides.goldsteinii	age	age	0.0236662550094555	0.214018502148276	111	12	0.912156225514244	0.96088254790435
Alistipes.unclassified	antibiotics	antibiotics	-0.0258162420609472	0.202984177870795	111	15	0.899033855799285	0.96088254790435
Eubacterium.ventriosum	age	age	0.054925351132346	0.413403903405099	111	50	0.894552669428663	0.96088254790435
Peptostreptococcaceae.noname.unclassified	antibiotics	antibiotics	-0.0192095051675883	0.181176578868624	111	30	0.915759906460935	0.96088254790435
Burkholderiales.bacterium.1.1.47	age	age	0.0447128656345985	0.426512368234578	111	54	0.916704039954724	0.96088254790435
Parabacteroides.merdae	age	age	-0.0389899385457641	0.43954059123129	111	71	0.929481289011383	0.970378465727884
Parabacteroides.merdae	diagnosis	diagnosis	-0.0334911224467368	0.448613507865173	111	71	0.940628816770956	0.978104068435137
Clostridium.leptum	age	age	0.0265626268941963	0.412751379621969	111	60	0.948807614521356	0.982407974863014
Dorea.longicatena	diagnosis	diagnosis	-0.0246233060516926	0.435816403687661	111	80	0.955049451442622	0.982407974863014
Bilophila.unclassified	diagnosis	diagnosis	-0.0172926527654881	0.313114258439146	111	70	0.956059868257492	0.982407974863014
Alistipes.finegoldii	antibiotics	antibiotics	-0.0185986915311425	0.397308783559008	111	62	0.962750579315909	0.985403534123342
Bacteroides.caccae	antibiotics	antibiotics	-0.013456947185362	0.627629752626986	111	78	0.982933879433583	0.997725790088803
Bacteroides.cellulosilyticus	diagnosis	diagnosis	-0.00289632920529732	0.532995108717106	111	43	0.995674384506269	0.997725790088803
Barnesiella.intestinihominis	antibiotics	antibiotics	-0.00956398289444101	0.418013980185625	111	41	0.98178894481478	0.997725790088803
Acidaminococcus.unclassified	diagnosis	diagnosis	-0.00724896278501887	0.428730705356918	111	19	0.986541527680119	0.997725790088803
Acidaminococcus.unclassified	age	age	-0.00187365913755092	0.420059905481542	111	19	0.996449387554136	0.997725790088803
Haemophilus.parainfluenzae	antibiotics	antibiotics	0.00120694292150727	0.42245548901164	111	70	0.997725790088803	0.997725790088803
